Title,URL,VisitCount,LastVisitTime
,https://answers.launchpad.net/ubuntu/+addquestion,0,1970-01-01T08:00:00+08:00
,http://www.debian.org/,0,1970-01-01T08:00:00+08:00
,https://support.mozilla.org/products/firefox,0,1970-01-01T08:00:00+08:00
,https://support.mozilla.org/kb/customize-firefox-controls-buttons-and-toolbars?utm_source=firefox-browser&utm_medium=default-bookmarks&utm_campaign=customize,0,1970-01-01T08:00:00+08:00
,https://www.mozilla.org/contribute/,0,1970-01-01T08:00:00+08:00
,https://www.mozilla.org/about/,0,1970-01-01T08:00:00+08:00
,http://www.ubuntu.com/,0,1970-01-01T08:00:00+08:00
,http://wiki.ubuntu.com/,0,1970-01-01T08:00:00+08:00
csdn_百度搜索,https://www.baidu.com/s?ie=utf-8&f=8&rsv_bp=1&tn=baidu&wd=csdn&oq=dadshfaks&rsv_pq=8260628603663f84&rsv_t=8c378vw%2FJHO8iqNa8A7X1oe7vSnABUaObn7pJvJtbNfw7Y%2Bi%2BJF%2Fz2toePg&rqlang=cn&rsv_dl=tb&rsv_enter=1&rsv_btype=t&inputT=3328&rsv_sug3=26&rsv_sug1=9&rsv_sug7=101&rsv_sug2=0&rsv_sug4=4013,1,2025-07-27T12:14:47+08:00
,http://www.baidu.com/link?url=6R1gMCPvPwpzETl0BCVTuUl01ijs773WoJD8ZakHsBTo48naHbbcG2ojatWCicwL&wd=&eqid=dd35fb470399bb95000000066885a7c2,1,2025-07-27T12:15:02+08:00
,https://www.zhihu.com/,1,2025-07-06T13:39:51+08:00
,https://www.baidu.com/link?url=8DIU2Phv8jZKv15erdMV-iXeDgL6AVeUlcvBdWvtgA3&wd=&eqid=8258b0b2024e603b000000066886334a,1,2025-07-27T22:10:20+08:00
,http://www.baidu.com/link?url=8DIU2Phv8jZKv15erdMV-iXeDgL6AVeUlcvBdWvtgA3&wd=&eqid=8258b0b2024e603b000000066886334a,1,2025-07-27T22:10:20+08:00
Sina Visitor System,https://passport.weibo.com/visitor/visitor?entry=miniblog&a=enter&url=https%3A%2F%2Fweibo.com%2F&domain=weibo.com&ua=Mozilla%2F5.0%20%28X11%3B%20Ubuntu%3B%20Linux%20x86_64%3B%20rv%3A136.0%29%20Gecko%2F20100101%20Firefox%2F136.0&_rand=1751780397829&sudaref=,1,2025-07-06T13:39:58+08:00
,https://login.sina.com.cn/visitor/visitor?a=crossdomain&s=_2AkMfNoMaf8NxqwFRmvkdyGvkbItyzA7EieKpanLBJRMxHRl-yT9yqkUQtRB6NLat9k6AJhjBtTS6O4bME8umx26jOFWU&sp=0033WrSXqPxfM72-Ws9jqgMF55529P9D9WW0rvQ2Ep6saFAszoHqPCI_&from=weibo&_rand=0.8671715562432125&entry=miniblog&url=https%3A%2F%2Fweibo.com%2F,1,2025-07-06T13:39:58+08:00
,https://weibo.com/newlogin?url=https%3A%2F%2Fweibo.com%2F,1,2025-07-06T13:39:58+08:00
微博 – 随时随地发现新鲜事,https://weibo.com/newlogin?tabtype=weibo&gid=102803&openLoginLayer=0&url=https%3A%2F%2Fweibo.com%2F,1,2025-07-06T13:40:01+08:00
哔哩哔哩bilibili官网入口_百度搜索,https://www.baidu.com/baidu?ie=utf-8&wd=%E5%93%94%E5%93%A9%E5%93%94%E5%93%A9bilibili%E5%AE%98%E7%BD%91%E5%85%A5%E5%8F%A3,1,2025-07-27T12:09:19+08:00
,http://www.baidu.com/link?url=gd25ZkqBlNyRhez57jpYwGWHRLnl9rs9Pk0mbDaSx6FdWHqoTMXjuKuzt6nrYoY4&wd=&eqid=f9434b3803a5c13b000000066885a66f,1,2025-07-27T12:09:21+08:00
,https://www.baidu.com/link?url=gd25ZkqBlNyRhez57jpYwGWHRLnl9rs9Pk0mbDaSx6FdWHqoTMXjuKuzt6nrYoY4&wd=&eqid=f9434b3803a5c13b000000066885a66f,1,2025-07-27T12:09:21+08:00
哔哩哔哩 (゜-゜)つロ 干杯~-bilibili,https://www.bilibili.com/,1,2025-07-27T12:09:22+08:00
dadshfaks_百度搜索,https://www.baidu.com/s?ie=utf-8&f=8&rsv_bp=1&tn=baidu&wd=dadshfaks&oq=%25E5%2593%2594%25E5%2593%25A9%25E5%2593%2594%25E5%2593%25A9bilibili%25E5%25AE%2598%25E7%25BD%2591%25E5%2585%25A5%25E5%258F%25A3&rsv_pq=f9434b3803a5c13b&rsv_t=79bf1ceTFHifuEnQ8E55NxoNvuiap7V7gokEOaeIuRhLsm8RydoHXwNTEtc&rqlang=cn&rsv_dl=tb&rsv_enter=1&rsv_sug3=11&rsv_sug1=2&rsv_sug7=101&rsv_sug2=0&rsv_btype=t&inputT=1693&rsv_sug4=2184&rsv_sug=1,1,2025-07-27T12:14:33+08:00
,http://www.baidu.com/link?url=30gcFisv5x6Ayupjxh8Y3wRthkivzDszlMCMd5P_9C7HAlL2PXc-kjPEf_6I7wifTJWYy-dQRgCnEXnH24Sh8wE1k2C1wgWF6FcQ9yBIqcf0iYtP1NLKu0bURAD817yHcOY1Zj0qT4hN4n2OuzD24meTEPpMXnOxFeEhlO_sPyVIaE-Fv7oOaK_4bkI4lhmfmdGOL3rphOO3PhTltqIARZJ282Qx174mMjymkgzmLSC7SQc1sKWVluaEel8tkkiDSthTinF_RbJJnNPZO9RmRwc0dArlLtubDi06_98lPSl077G8Nfhrp6GCxqrdA_aVyn44NXBAMxzB08bOdF5aMq&wd=&eqid=8260628603663f84000000066885a7a9,1,2025-07-27T12:14:37+08:00
,https://www.baidu.com/link?url=30gcFisv5x6Ayupjxh8Y3wRthkivzDszlMCMd5P_9C7HAlL2PXc-kjPEf_6I7wifTJWYy-dQRgCnEXnH24Sh8wE1k2C1wgWF6FcQ9yBIqcf0iYtP1NLKu0bURAD817yHcOY1Zj0qT4hN4n2OuzD24meTEPpMXnOxFeEhlO_sPyVIaE-Fv7oOaK_4bkI4lhmfmdGOL3rphOO3PhTltqIARZJ282Qx174mMjymkgzmLSC7SQc1sKWVluaEel8tkkiDSthTinF_RbJJnNPZO9RmRwc0dArlLtubDi06_98lPSl077G8Nfhrp6GCxqrdA_aVyn44NXBAMxzB08bOdF5aMq&wd=&eqid=8260628603663f84000000066885a7a9,1,2025-07-27T12:14:37+08:00
,https://localsite.baidu.com/site/wjzsorv8/8cd47d9a-7797-42f3-9306-b902ded71161?qaId=1825917&categoryLv1=%E6%95%99%E8%82%B2%E5%9F%B9%E8%AE%AD&efs=1&ch=54&srcid=10014&source=natural&category=%E8%8B%B1%E8%AF%AD&eduFrom=136&botSourceType=46,1,2025-07-27T12:14:38+08:00
知了爱学,https://aistudy.baidu.com/site/wjzsorv8/8cd47d9a-7797-42f3-9306-b902ded71161?qaId=1825917&categoryLv1=%E6%95%99%E8%82%B2%E5%9F%B9%E8%AE%AD&efs=1&ch=54&srcid=10014&source=natural&category=%E8%8B%B1%E8%AF%AD&eduFrom=136&botSourceType=46,1,2025-07-27T12:14:38+08:00
,https://www.mozilla.org/privacy/firefox/,1,2025-07-06T13:39:44+08:00
,http://www.baidu.com/link?url=OBRDReWxAi-L7ulDKkQcHhos3Hp4ZN13ZZ2r9Gl-o4a&wd=&eqid=c0549c0301a17fc7000000066885a7b7,1,2025-07-27T12:14:49+08:00
,https://www.baidu.com/link?url=OBRDReWxAi-L7ulDKkQcHhos3Hp4ZN13ZZ2r9Gl-o4a&wd=&eqid=c0549c0301a17fc7000000066885a7b7,1,2025-07-27T12:14:49+08:00
CSDN_专业开发者社区_已接入DeepSeek R1-0528版本,https://www.csdn.net/,1,2025-07-27T12:14:50+08:00
deepseek_百度搜索,https://www.baidu.com/s?ie=utf-8&f=8&rsv_bp=1&tn=baidu&wd=deepseek&oq=csdn&rsv_pq=c0549c0301a17fc7&rsv_t=5776balvT8%2F5cweVD0hDgh02ct%2B9q1%2BYHpxxERqN7AQc86bFQvkGyezgh%2F8&rqlang=cn&rsv_dl=tb&rsv_enter=1&rsv_btype=t&inputT=3983&rsv_sug3=37&rsv_sug1=22&rsv_sug7=100&rsv_sug2=0&rsv_sug4=4188,1,2025-07-27T12:14:58+08:00
Firefox 隐私声明 — Mozilla,https://www.mozilla.org/zh-CN/privacy/firefox/,1,2025-07-06T13:39:45+08:00
,https://www.baidu.com/link?url=6R1gMCPvPwpzETl0BCVTuUl01ijs773WoJD8ZakHsBTo48naHbbcG2ojatWCicwL&wd=&eqid=dd35fb470399bb95000000066885a7c2,1,2025-07-27T12:15:02+08:00
DeepSeek | 深度求索,https://www.deepseek.com/,1,2025-07-27T12:15:02+08:00
DeepSeek,https://chat.deepseek.com/,1,2025-07-27T12:15:05+08:00
DeepSeek - 探索未至之境,https://chat.deepseek.com/sign_in,1,2025-07-27T12:15:05+08:00
豆包网页版入口官网_百度搜索,https://www.baidu.com/s?ie=utf-8&f=3&rsv_bp=1&tn=baidu&wd=%E8%B1%86%E5%8C%85%E7%BD%91%E9%A1%B5%E7%89%88%E5%85%A5%E5%8F%A3%E5%AE%98%E7%BD%91&oq=deepseek&rsv_pq=dd35fb470399bb95&rsv_t=2aefYCe3n0Lx7FSe9oFuMdncmSl35TymNKiQ2mr1IQjibxQuG9SzUWq0Sek&rqlang=cn&rsv_dl=ts_0&rsv_enter=1&rsv_btype=t&inputT=4970&rsv_sug3=45&rsv_sug1=31&rsv_sug7=100&rsv_sug2=1&prefixsug=doubao&rsp=0&rsv_sug4=5424,1,2025-07-27T12:15:16+08:00
帮我写作 - 豆包,https://www.doubao.com/chat/write?channel=baidu_sem&source=dbweb_baidusem_htl_pc_pinp_xiez_gzcj_ggwa_2&keywordid=967033510130&ad_platform_id=baidusearch_lead&account_id=53653088&a_planid=720987950&a_unitid=10812115386&a_keywordid=967033510130&a_creative=110320859344&a_matchtype=2&a_dongtai=0&a_trig_flag=nm&a_crowdid=0&a_kw_enc_utf8=%E8%B1%86%E5%8C%85ai%E7%94%9F%E6%88%90%E6%96%87%E5%AD%97%E5%85%8D%E8%B4%B9%E7%BD%91%E7%AB%99&ug_semver=v2.0.0&bd_vid=8610858741565996974,1,2025-07-27T12:15:20+08:00
豆包 - 字节跳动旗下 AI 智能助手,https://www.doubao.com/chat/local_1685442415369154?type=2,1,2025-07-27T12:15:46+08:00
新对话 - 豆包,https://www.doubao.com/chat/13821992996476674,1,2025-07-27T12:15:50+08:00
询问关键内容 - 豆包,https://www.doubao.com/chat/13821992996476674?canvas_type=doc,1,2025-07-27T12:15:52+08:00
quanguoxinandasai_百度搜索,https://www.baidu.com/baidu?ie=utf-8&wd=quanguoxinandasai,1,2025-07-27T22:08:10+08:00
全国征兵网_百度搜索,https://www.baidu.com/s?ie=utf-8&f=3&rsv_bp=1&tn=baidu&wd=%E5%85%A8%E5%9B%BD%E5%BE%81%E5%85%B5%E7%BD%91&oq=quanguoxinandasai&rsv_pq=eab9f3030241359f&rsv_t=c4feJ3GUBd%2BxuKC5Y%2BbUzLJo6Llh8ndazHIYM0Yr%2FS3XqLtR2VI8U7Rsums&rqlang=cn&rsv_enter=1&rsv_dl=ts_1&rsv_sug3=6&rsv_sug1=6&rsv_sug7=101&rsv_sug2=1&rsv_btype=t&prefixsug=quan&rsp=1&inputT=3439&rsv_sug4=4115,1,2025-07-27T22:08:18+08:00
,http://www.baidu.com/link?url=HocmpEYNY04OWObrx8rrZzd1RolFnYzWyNWz9CSuXi5qWKJ3goXHnkZ15mrnvQpK6HXnRUmW5X4pQJPNglBTza&wd=&eqid=94ad6f0604f5677600000006688632d2,1,2025-07-27T22:08:19+08:00
,https://www.baidu.com/link?url=HocmpEYNY04OWObrx8rrZzd1RolFnYzWyNWz9CSuXi5qWKJ3goXHnkZ15mrnvQpK6HXnRUmW5X4pQJPNglBTza&wd=&eqid=94ad6f0604f5677600000006688632d2,1,2025-07-27T22:08:19+08:00
全国征兵网,https://www.gfbzb.gov.cn/index.jsp?ivk_sa=1024320u,1,2025-07-27T22:08:20+08:00
预征预储_全国征兵网,https://www.gfbzb.gov.cn/yzyc/,1,2025-07-27T22:09:28+08:00
兵役登记_全国征兵网,https://www.gfbzb.gov.cn/bydj/,1,2025-07-27T22:09:29+08:00
初检初核_全国征兵网,https://www.gfbzb.gov.cn/cjch/,1,2025-07-27T22:09:31+08:00
应征报名_全国征兵网,https://www.gfbzb.gov.cn/yzbm/,1,2025-07-27T22:09:48+08:00
微信下载安装_百度搜索,https://www.baidu.com/baidu?ie=utf-8&wd=%E5%BE%AE%E4%BF%A1%E4%B8%8B%E8%BD%BD%E5%AE%89%E8%A3%85,1,2025-07-27T22:10:18+08:00
,https://weibo.com/,2,2025-07-06T13:39:58+08:00
知乎 - 有问题，就会有答案,https://www.zhihu.com/signin?next=%2F,3,2025-07-27T22:07:58+08:00